-- phpMyAdmin SQL Dump
-- version 4.9.2
-- https://www.phpmyadmin.net/
--
-- 主機： 127.0.0.1
-- 產生時間： 2020 年 04 月 15 日 13:56
-- 伺服器版本： 10.4.10-MariaDB
-- PHP 版本： 7.3.12

SET SQL_MODE = "NO_AUTO_VALUE_ON_ZERO";
SET AUTOCOMMIT = 0;
START TRANSACTION;
SET time_zone = "+00:00";


/*!40101 SET @OLD_CHARACTER_SET_CLIENT=@@CHARACTER_SET_CLIENT */;
/*!40101 SET @OLD_CHARACTER_SET_RESULTS=@@CHARACTER_SET_RESULTS */;
/*!40101 SET @OLD_COLLATION_CONNECTION=@@COLLATION_CONNECTION */;
/*!40101 SET NAMES utf8mb4 */;

--
-- 資料庫： `depaertment_store_302`
--

-- --------------------------------------------------------

--
-- 資料表結構 `customer`
--

CREATE TABLE `customer` (
  `id` int(11) NOT NULL,
  `name` varchar(50) NOT NULL,
  `contact_no` varchar(8) NOT NULL,
  `address` varchar(100) NOT NULL
) ENGINE=InnoDB DEFAULT CHARSET=utf8mb4;

--
-- 傾印資料表的資料 `customer`
--

INSERT INTO `customer` (`id`, `name`, `contact_no`, `address`) VALUES
(1, 'Sofie', '12341234', 'abc, abc, def'),
(2, 'Daisy', '23121231', 'aaa,bbb,ccc'),
(3, 'Ken', '63635252', 'abcd,123');

-- --------------------------------------------------------

--
-- 資料表結構 `orders`
--

CREATE TABLE `orders` (
  `id` int(11) NOT NULL,
  `customer_id` int(11) NOT NULL,
  `order_date` date NOT NULL DEFAULT current_timestamp(),
  `delivery_method` enum('standard','express') NOT NULL,
  `cash_on_delivery` enum('yes','no') NOT NULL,
  `lc_delivery_id` int(11) DEFAULT NULL
) ENGINE=InnoDB DEFAULT CHARSET=utf8mb4;

--
-- 傾印資料表的資料 `orders`
--

INSERT INTO `orders` (`id`, `customer_id`, `order_date`, `delivery_method`, `cash_on_delivery`, `lc_delivery_id`) VALUES
(10, 1, '2020-03-06', 'standard', '', NULL),
(11, 1, '2020-03-06', 'standard', '', NULL),
(12, 1, '2020-03-06', 'standard', '', NULL),
(13, 1, '2020-03-06', 'standard', 'yes', NULL),
(14, 1, '2020-03-06', 'standard', 'yes', NULL),
(15, 1, '2020-03-06', 'standard', 'yes', NULL),
(16, 1, '2020-03-06', 'standard', 'yes', NULL),
(17, 1, '2020-03-06', 'standard', 'yes', NULL),
(18, 1, '2020-03-06', 'standard', 'yes', NULL),
(19, 1, '2020-03-06', 'standard', 'yes', NULL),
(20, 1, '2020-03-06', 'standard', 'yes', NULL),
(21, 1, '2020-03-06', 'standard', 'yes', NULL),
(22, 1, '2020-03-06', 'standard', 'yes', NULL),
(23, 1, '2020-03-06', 'standard', 'yes', NULL),
(24, 1, '2020-03-06', 'standard', 'yes', NULL),
(25, 1, '2020-03-06', 'standard', 'yes', NULL),
(26, 1, '2020-03-06', 'standard', 'yes', NULL),
(27, 1, '2020-03-06', 'standard', 'yes', NULL),
(28, 1, '2020-03-06', 'standard', 'yes', NULL),
(29, 1, '2020-03-06', 'standard', 'yes', NULL),
(30, 1, '2020-03-06', 'standard', 'yes', NULL),
(31, 1, '2020-03-06', 'standard', 'yes', NULL),
(32, 1, '2020-03-06', 'standard', 'yes', NULL),
(33, 1, '2020-03-07', 'standard', 'yes', NULL),
(34, 1, '2020-03-07', 'standard', 'yes', NULL),
(35, 1, '2020-03-07', 'standard', 'yes', NULL),
(36, 1, '2020-03-07', 'standard', 'yes', NULL),
(37, 1, '2020-03-07', 'standard', 'yes', NULL),
(38, 1, '2020-03-07', 'standard', 'yes', NULL),
(39, 1, '2020-03-07', 'standard', 'yes', NULL),
(40, 1, '2020-03-07', 'standard', 'yes', NULL),
(41, 1, '2020-03-07', 'standard', 'yes', NULL),
(42, 1, '2020-03-07', 'standard', 'yes', NULL),
(43, 1, '2020-03-07', 'standard', 'yes', NULL),
(44, 1, '2020-03-07', 'standard', 'yes', NULL),
(45, 1, '2020-03-07', 'standard', 'yes', NULL),
(46, 1, '2020-03-07', 'standard', 'yes', NULL),
(47, 1, '2020-03-07', 'standard', 'yes', NULL),
(48, 1, '2020-03-07', 'standard', 'yes', NULL),
(49, 1, '2020-03-07', 'standard', 'yes', NULL),
(50, 1, '2020-03-07', 'standard', 'yes', NULL),
(51, 1, '2020-03-07', 'standard', 'yes', NULL),
(52, 1, '2020-03-07', 'standard', 'yes', NULL),
(53, 1, '2020-03-07', 'standard', 'yes', NULL),
(54, 1, '2020-03-07', 'standard', 'yes', NULL),
(55, 1, '2020-03-07', 'standard', 'yes', NULL),
(56, 1, '2020-03-07', 'standard', 'yes', NULL),
(57, 1, '2020-03-07', 'standard', 'yes', NULL),
(58, 1, '2020-03-07', 'standard', 'yes', NULL),
(59, 1, '2020-03-07', 'standard', 'yes', NULL),
(60, 1, '2020-03-07', 'standard', 'yes', NULL),
(61, 1, '2020-03-07', 'standard', 'yes', NULL),
(62, 1, '2020-03-07', 'standard', 'yes', NULL),
(63, 1, '2020-03-07', 'standard', 'yes', NULL),
(64, 1, '2020-03-07', 'standard', 'yes', NULL),
(65, 1, '2020-03-07', 'standard', 'yes', NULL),
(66, 1, '2020-03-07', 'standard', 'yes', NULL),
(67, 1, '2020-03-07', 'standard', 'yes', NULL),
(68, 1, '2020-03-07', 'standard', 'yes', NULL),
(69, 1, '2020-03-07', 'standard', 'yes', NULL),
(70, 1, '2020-03-07', 'standard', 'yes', NULL),
(71, 1, '2020-03-07', 'standard', 'yes', NULL),
(72, 1, '2020-03-07', 'standard', 'yes', NULL),
(73, 1, '2020-03-07', 'standard', 'yes', NULL),
(74, 1, '2020-03-07', 'standard', 'yes', NULL),
(75, 1, '2020-03-07', 'standard', 'yes', NULL),
(76, 1, '2020-03-07', 'standard', 'yes', NULL),
(77, 1, '2020-03-07', 'standard', 'yes', NULL),
(78, 1, '2020-03-07', 'standard', 'yes', NULL),
(79, 1, '2020-03-07', 'standard', 'yes', NULL),
(80, 1, '2020-03-07', 'standard', 'yes', NULL),
(81, 1, '2020-03-07', 'standard', 'yes', NULL),
(82, 1, '2020-03-07', 'standard', 'yes', NULL),
(83, 1, '2020-03-07', 'standard', 'yes', NULL),
(84, 1, '2020-03-07', 'standard', 'yes', NULL),
(85, 1, '2020-03-07', 'standard', 'yes', NULL),
(86, 1, '2020-03-07', 'standard', 'yes', NULL),
(87, 1, '2020-03-07', 'standard', 'yes', NULL),
(88, 1, '2020-03-07', 'standard', 'yes', NULL),
(89, 1, '2020-03-07', 'standard', 'yes', NULL),
(90, 1, '2020-03-07', 'standard', 'yes', NULL),
(91, 1, '2020-03-07', 'standard', 'yes', NULL),
(92, 1, '2020-03-07', 'standard', 'yes', NULL),
(93, 1, '2020-03-07', 'standard', 'yes', NULL),
(94, 1, '2020-03-07', 'standard', 'yes', NULL),
(95, 1, '2020-03-07', 'standard', 'yes', NULL),
(96, 1, '2020-03-07', 'standard', 'yes', NULL),
(97, 1, '2020-03-07', 'standard', 'yes', NULL),
(98, 1, '2020-03-07', 'standard', 'yes', NULL),
(99, 1, '2020-03-07', 'standard', 'yes', NULL),
(100, 1, '2020-03-07', 'standard', 'yes', NULL),
(101, 1, '2020-03-07', 'standard', 'yes', NULL),
(102, 1, '2020-03-07', 'standard', 'yes', NULL),
(103, 1, '2020-03-07', 'standard', 'yes', NULL),
(104, 1, '2020-03-07', 'standard', 'yes', NULL),
(105, 1, '2020-03-07', 'standard', 'yes', NULL),
(106, 1, '2020-03-07', 'standard', 'yes', NULL),
(107, 1, '2020-03-07', 'standard', 'yes', NULL),
(108, 1, '2020-03-07', 'standard', 'yes', NULL),
(109, 1, '2020-03-07', 'standard', 'yes', NULL),
(110, 1, '2020-03-07', 'standard', 'yes', NULL),
(111, 1, '2020-03-07', 'standard', 'yes', NULL),
(112, 1, '2020-03-07', 'standard', 'yes', NULL),
(113, 1, '2020-03-07', 'standard', 'yes', NULL),
(114, 1, '2020-03-07', 'standard', 'yes', NULL),
(115, 1, '2020-03-07', 'standard', 'yes', NULL),
(116, 1, '2020-03-07', 'standard', 'yes', NULL),
(117, 1, '2020-03-07', 'standard', 'yes', NULL),
(118, 1, '2020-03-11', 'standard', 'yes', NULL),
(119, 2, '2020-03-11', 'standard', 'yes', NULL),
(120, 2, '2020-03-11', 'standard', 'yes', NULL),
(121, 2, '2020-03-11', 'standard', 'yes', NULL),
(122, 2, '2020-03-11', 'express', 'yes', NULL),
(123, 2, '2020-03-17', 'express', 'yes', NULL),
(124, 2, '2020-03-17', 'express', 'yes', NULL),
(125, 2, '2020-03-17', 'express', 'yes', NULL),
(126, 2, '2020-03-21', 'express', 'yes', NULL),
(127, 2, '2020-03-21', 'express', 'yes', NULL),
(128, 2, '2020-03-21', 'express', 'yes', NULL),
(129, 2, '2020-03-21', 'express', 'yes', NULL),
(130, 2, '2020-03-21', 'express', 'yes', NULL),
(131, 2, '2020-03-21', 'express', 'yes', NULL),
(132, 2, '2020-03-21', 'express', 'yes', NULL),
(133, 2, '2020-03-22', 'express', 'yes', NULL),
(134, 2, '2020-03-22', 'express', 'yes', NULL),
(135, 2, '2020-03-22', 'express', 'yes', NULL),
(136, 2, '2020-03-22', 'express', 'yes', NULL),
(137, 2, '2020-03-22', 'express', 'yes', NULL),
(138, 2, '2020-03-22', 'express', 'yes', NULL),
(139, 2, '2020-03-22', 'express', 'yes', NULL),
(140, 2, '2020-03-22', 'express', 'yes', NULL),
(141, 2, '2020-03-22', 'express', 'yes', NULL),
(142, 2, '2020-03-22', 'express', 'yes', NULL),
(143, 2, '2020-03-22', 'express', 'yes', NULL),
(144, 2, '2020-03-22', 'express', 'yes', NULL),
(145, 2, '2020-03-22', 'express', 'yes', NULL),
(146, 2, '2020-03-22', 'express', 'yes', NULL),
(147, 2, '2020-03-22', 'express', 'yes', NULL),
(148, 2, '2020-03-22', 'express', 'yes', NULL),
(149, 2, '2020-03-22', 'express', 'yes', NULL),
(150, 2, '2020-03-22', 'express', 'yes', NULL),
(151, 2, '2020-03-22', 'express', 'yes', NULL),
(152, 2, '2020-03-22', 'express', 'yes', NULL),
(153, 2, '2020-03-22', 'express', 'yes', NULL),
(154, 2, '2020-03-22', 'express', 'yes', NULL),
(155, 2, '2020-03-22', 'express', 'yes', NULL),
(156, 2, '2020-03-22', 'express', 'yes', NULL),
(157, 2, '2020-03-22', 'express', 'yes', NULL),
(158, 2, '2020-03-22', 'express', 'yes', NULL),
(159, 2, '2020-03-22', 'express', 'yes', NULL),
(160, 2, '2020-03-22', 'express', 'yes', NULL),
(161, 2, '2020-03-22', 'express', 'yes', NULL),
(162, 2, '2020-03-22', 'express', 'yes', 66),
(163, 2, '2020-03-25', 'express', 'yes', 67),
(164, 2, '2020-03-25', 'express', 'yes', 68),
(165, 3, '2020-03-25', 'standard', 'yes', 69),
(166, 3, '2020-03-26', 'standard', 'yes', 70),
(167, 3, '2020-04-02', 'standard', 'yes', 71),
(168, 3, '2020-04-02', 'standard', 'yes', 72),
(169, 3, '2020-04-02', 'standard', 'yes', 73),
(170, 3, '2020-04-02', 'standard', 'yes', 74),
(171, 3, '2020-04-02', 'standard', 'yes', 75),
(172, 3, '2020-04-02', 'standard', 'yes', 76),
(173, 3, '2020-04-02', 'standard', 'yes', 77),
(174, 3, '2020-04-02', 'standard', 'yes', 78),
(175, 3, '2020-04-02', 'standard', 'yes', 79),
(176, 3, '2020-04-02', 'standard', 'yes', 80),
(177, 3, '2020-04-02', 'standard', 'yes', 81),
(178, 3, '2020-04-02', 'standard', 'yes', 82),
(179, 3, '2020-04-02', 'standard', 'yes', 83),
(180, 3, '2020-04-02', 'standard', 'yes', 84),
(181, 3, '2020-04-02', 'standard', 'yes', 85),
(182, 3, '2020-04-02', 'standard', 'yes', 86),
(183, 3, '2020-04-02', 'standard', 'yes', 87),
(184, 3, '2020-04-02', 'standard', 'yes', 88),
(185, 3, '2020-04-02', 'standard', 'yes', 89),
(186, 3, '2020-04-02', 'standard', 'yes', 90),
(187, 3, '2020-04-02', 'standard', 'yes', 91),
(188, 3, '2020-04-02', 'standard', 'yes', 92),
(189, 3, '2020-04-15', 'standard', 'yes', 93),
(190, 2, '2020-04-15', 'express', 'yes', 94),
(191, 2, '2020-04-15', 'express', 'yes', 95);

-- --------------------------------------------------------

--
-- 資料表結構 `order_product`
--

CREATE TABLE `order_product` (
  `id` int(11) NOT NULL,
  `order_id` int(11) NOT NULL,
  `product_id` int(11) NOT NULL,
  `quantity` int(11) NOT NULL,
  `price` float NOT NULL
) ENGINE=InnoDB DEFAULT CHARSET=utf8mb4;

--
-- 傾印資料表的資料 `order_product`
--

INSERT INTO `order_product` (`id`, `order_id`, `product_id`, `quantity`, `price`) VALUES
(1, 32, 2, 2, 800),
(2, 32, 1, 1, 300),
(3, 40, 2, 2, 800),
(4, 40, 1, 1, 300),
(5, 41, 2, 2, 800),
(6, 41, 1, 1, 300),
(7, 43, 2, 2, 800),
(8, 43, 1, 1, 300),
(9, 44, 2, 2, 800),
(10, 44, 1, 1, 300),
(11, 45, 2, 2, 800),
(12, 45, 1, 1, 300),
(13, 46, 2, 2, 800),
(14, 46, 1, 1, 300),
(15, 47, 2, 2, 800),
(16, 47, 1, 1, 300),
(17, 48, 2, 2, 800),
(18, 48, 1, 1, 300),
(19, 54, 2, 2, 800),
(20, 54, 1, 1, 300),
(21, 55, 2, 2, 800),
(22, 55, 1, 1, 300),
(23, 56, 2, 2, 800),
(24, 56, 1, 1, 300),
(25, 57, 2, 2, 800),
(26, 57, 1, 1, 300),
(27, 58, 2, 2, 800),
(28, 58, 1, 1, 300),
(29, 59, 2, 2, 800),
(30, 59, 1, 1, 300),
(31, 60, 2, 2, 800),
(32, 60, 1, 1, 300),
(33, 61, 2, 2, 1600),
(34, 61, 1, 1, 300),
(35, 62, 2, 2, 1600),
(36, 62, 1, 1, 300),
(37, 63, 2, 2, 1600),
(38, 63, 1, 1, 300),
(39, 64, 2, 2, 1600),
(40, 64, 1, 1, 300),
(41, 65, 2, 2, 1600),
(42, 65, 1, 1, 300),
(43, 66, 2, 2, 1600),
(44, 66, 1, 1, 300),
(45, 67, 2, 2, 1600),
(46, 67, 1, 1, 300),
(47, 68, 2, 2, 1600),
(48, 68, 1, 1, 300),
(49, 69, 2, 2, 1600),
(50, 69, 1, 1, 300),
(51, 70, 2, 2, 1600),
(52, 70, 1, 1, 300),
(53, 71, 2, 2, 1600),
(54, 71, 1, 1, 300),
(55, 72, 2, 2, 1600),
(56, 72, 1, 1, 300),
(57, 73, 2, 2, 1600),
(58, 73, 1, 1, 300),
(59, 74, 2, 2, 1600),
(60, 74, 1, 1, 300),
(61, 75, 2, 2, 1600),
(62, 75, 1, 1, 300),
(63, 76, 2, 2, 1600),
(64, 76, 1, 1, 300),
(65, 77, 2, 2, 1600),
(66, 77, 1, 1, 300),
(67, 78, 2, 2, 1600),
(68, 78, 1, 1, 300),
(69, 79, 2, 2, 1600),
(70, 79, 1, 1, 300),
(71, 80, 2, 2, 1600),
(72, 80, 1, 1, 300),
(73, 81, 2, 2, 1600),
(74, 81, 1, 1, 300),
(75, 82, 2, 2, 1600),
(76, 82, 1, 1, 300),
(77, 83, 2, 2, 1600),
(78, 83, 1, 1, 300),
(79, 84, 2, 2, 1600),
(80, 84, 1, 1, 300),
(81, 85, 2, 2, 1600),
(82, 85, 1, 1, 300),
(83, 86, 2, 2, 1600),
(84, 86, 1, 1, 300),
(85, 87, 2, 2, 1600),
(86, 87, 1, 1, 300),
(87, 88, 2, 2, 1600),
(88, 88, 1, 1, 300),
(89, 89, 2, 2, 1600),
(90, 89, 1, 1, 300),
(91, 90, 2, 2, 1600),
(92, 90, 1, 1, 300),
(93, 91, 2, 2, 1600),
(94, 91, 1, 1, 300),
(95, 92, 2, 2, 1600),
(96, 92, 1, 1, 300),
(97, 93, 2, 2, 1600),
(98, 93, 1, 1, 300),
(99, 94, 2, 2, 1600),
(100, 94, 1, 1, 300),
(101, 95, 2, 2, 1600),
(102, 95, 1, 1, 300),
(103, 96, 2, 2, 1600),
(104, 96, 1, 1, 300),
(105, 97, 2, 2, 1600),
(106, 97, 1, 1, 300),
(107, 98, 2, 2, 1600),
(108, 98, 1, 1, 300),
(109, 99, 2, 2, 1600),
(110, 99, 1, 1, 300),
(111, 100, 2, 2, 1600),
(112, 100, 1, 1, 300),
(113, 101, 2, 2, 1600),
(114, 101, 1, 1, 300),
(115, 102, 2, 2, 1600),
(116, 102, 1, 1, 300),
(117, 103, 2, 2, 1600),
(118, 103, 1, 1, 300),
(119, 104, 2, 2, 1600),
(120, 104, 1, 1, 300),
(121, 105, 2, 2, 1600),
(122, 105, 1, 1, 300),
(123, 106, 2, 2, 1600),
(124, 106, 1, 1, 300),
(125, 107, 2, 2, 1600),
(126, 107, 1, 1, 300),
(127, 108, 2, 2, 1600),
(128, 108, 1, 1, 300),
(129, 109, 2, 2, 1600),
(130, 109, 1, 1, 300),
(131, 110, 2, 2, 1600),
(132, 110, 1, 1, 300),
(133, 111, 2, 2, 1600),
(134, 111, 1, 1, 300),
(135, 112, 2, 2, 1600),
(136, 112, 1, 1, 300),
(137, 113, 2, 2, 1600),
(138, 113, 1, 1, 300),
(139, 114, 2, 2, 1600),
(140, 114, 1, 1, 300),
(141, 115, 2, 2, 1600),
(142, 115, 1, 1, 300),
(143, 116, 2, 2, 1600),
(144, 116, 1, 1, 300),
(145, 117, 2, 2, 1600),
(146, 117, 1, 1, 300),
(147, 118, 2, 2, 1600),
(148, 118, 1, 1, 300),
(149, 119, 2, 3, 300),
(150, 120, 2, 3, 300),
(151, 121, 2, 3, 2400),
(152, 121, 1, 5, 1500),
(153, 122, 2, 3, 2400),
(154, 122, 1, 6, 1800),
(155, 123, 2, 3, 2400),
(156, 123, 1, 6, 1800),
(157, 123, 3, 2, 200),
(158, 124, 2, 3, 2400),
(159, 124, 1, 6, 1800),
(160, 124, 3, 2, 200),
(161, 125, 2, 3, 2400),
(162, 125, 1, 6, 1800),
(163, 125, 3, 2, 200),
(164, 126, 2, 3, 2400),
(165, 126, 1, 6, 1800),
(166, 126, 3, 2, 200),
(167, 127, 2, 3, 2400),
(168, 127, 1, 6, 1800),
(169, 127, 3, 2, 200),
(170, 128, 2, 3, 2400),
(171, 128, 1, 6, 1800),
(172, 128, 3, 2, 200),
(173, 129, 2, 3, 2400),
(174, 129, 1, 6, 1800),
(175, 129, 3, 2, 200),
(176, 130, 2, 3, 2400),
(177, 130, 1, 6, 1800),
(178, 130, 3, 2, 200),
(179, 131, 2, 3, 2400),
(180, 131, 1, 6, 1800),
(181, 131, 3, 2, 200),
(182, 132, 2, 3, 2400),
(183, 132, 1, 6, 1800),
(184, 132, 3, 2, 200),
(185, 133, 2, 3, 2400),
(186, 133, 1, 6, 1800),
(187, 133, 3, 2, 200),
(188, 134, 2, 3, 2400),
(189, 134, 1, 6, 1800),
(190, 134, 3, 2, 200),
(191, 135, 2, 3, 2400),
(192, 135, 1, 6, 1800),
(193, 135, 3, 2, 200),
(194, 136, 2, 3, 2400),
(195, 136, 1, 6, 1800),
(196, 136, 3, 2, 200),
(197, 137, 2, 3, 2400),
(198, 137, 1, 6, 1800),
(199, 137, 3, 2, 200),
(200, 138, 2, 3, 2400),
(201, 138, 1, 6, 1800),
(202, 138, 3, 2, 200),
(203, 139, 2, 3, 2400),
(204, 139, 1, 6, 1800),
(205, 139, 3, 2, 200),
(206, 140, 2, 3, 2400),
(207, 140, 1, 6, 1800),
(208, 140, 3, 2, 200),
(209, 141, 2, 3, 2400),
(210, 141, 1, 6, 1800),
(211, 141, 3, 2, 200),
(212, 142, 2, 3, 2400),
(213, 142, 1, 6, 1800),
(214, 142, 3, 2, 200),
(215, 143, 2, 3, 2400),
(216, 143, 1, 6, 1800),
(217, 143, 3, 2, 200),
(218, 144, 2, 3, 2400),
(219, 144, 1, 6, 1800),
(220, 144, 3, 2, 200),
(221, 145, 2, 3, 2400),
(222, 145, 1, 6, 1800),
(223, 145, 3, 2, 200),
(224, 146, 2, 3, 2400),
(225, 146, 1, 6, 1800),
(226, 146, 3, 2, 200),
(227, 147, 2, 3, 2400),
(228, 147, 1, 6, 1800),
(229, 147, 3, 2, 200),
(230, 148, 2, 3, 2400),
(231, 148, 1, 6, 1800),
(232, 148, 3, 2, 200),
(233, 149, 2, 3, 2400),
(234, 149, 1, 6, 1800),
(235, 149, 3, 2, 200),
(236, 150, 2, 3, 2400),
(237, 150, 1, 6, 1800),
(238, 150, 3, 2, 200),
(239, 151, 2, 3, 2400),
(240, 151, 1, 6, 1800),
(241, 151, 3, 2, 200),
(242, 152, 2, 3, 2400),
(243, 152, 1, 6, 1800),
(244, 152, 3, 2, 200),
(245, 153, 2, 3, 2400),
(246, 153, 1, 6, 1800),
(247, 153, 3, 2, 200),
(248, 154, 2, 3, 2400),
(249, 154, 1, 6, 1800),
(250, 154, 3, 2, 200),
(251, 155, 2, 3, 2400),
(252, 155, 1, 6, 1800),
(253, 155, 3, 2, 200),
(254, 156, 2, 3, 2400),
(255, 156, 1, 6, 1800),
(256, 156, 3, 2, 200),
(257, 157, 2, 3, 2400),
(258, 157, 1, 6, 1800),
(259, 157, 3, 2, 200),
(260, 158, 2, 3, 2400),
(261, 158, 1, 6, 1800),
(262, 158, 3, 2, 200),
(263, 159, 2, 3, 2400),
(264, 159, 1, 6, 1800),
(265, 159, 3, 2, 200),
(266, 160, 2, 3, 2400),
(267, 160, 1, 6, 1800),
(268, 160, 3, 2, 200),
(269, 161, 2, 3, 2400),
(270, 161, 1, 6, 1800),
(271, 161, 3, 2, 200),
(272, 162, 2, 3, 2400),
(273, 162, 1, 6, 1800),
(274, 162, 3, 2, 200),
(275, 163, 2, 3, 2400),
(276, 163, 1, 6, 1800),
(277, 163, 3, 2, 200),
(278, 164, 2, 3, 2400),
(279, 164, 1, 6, 1800),
(280, 164, 3, 2, 200),
(281, 165, 3, 2, 200),
(282, 165, 1, 2, 600),
(283, 165, 2, 4, 3200),
(284, 165, 5, 5, 1250),
(285, 166, 3, 2, 200),
(286, 166, 1, 2, 600),
(287, 166, 2, 4, 3200),
(288, 166, 5, 5, 1250),
(289, 167, 3, 2, 200),
(290, 167, 1, 2, 600),
(291, 167, 2, 4, 3200),
(292, 167, 5, 5, 1250),
(293, 168, 3, 2, 200),
(294, 168, 1, 2, 600),
(295, 168, 2, 4, 3200),
(296, 168, 5, 5, 1250),
(297, 169, 3, 2, 200),
(298, 169, 1, 2, 600),
(299, 169, 2, 4, 3200),
(300, 169, 5, 5, 1250),
(301, 170, 3, 2, 200),
(302, 170, 1, 2, 600),
(303, 170, 2, 4, 3200),
(304, 170, 5, 5, 1250),
(305, 171, 3, 2, 200),
(306, 171, 1, 2, 600),
(307, 171, 2, 4, 3200),
(308, 171, 5, 5, 1250),
(309, 172, 3, 2, 200),
(310, 172, 1, 2, 600),
(311, 172, 2, 4, 3200),
(312, 172, 5, 5, 1250),
(313, 173, 3, 2, 200),
(314, 173, 1, 2, 600),
(315, 173, 2, 4, 3200),
(316, 173, 5, 5, 1250),
(317, 174, 3, 2, 200),
(318, 174, 1, 2, 600),
(319, 174, 2, 4, 3200),
(320, 174, 5, 5, 1250),
(321, 175, 3, 2, 200),
(322, 175, 1, 2, 600),
(323, 175, 2, 4, 3200),
(324, 175, 5, 5, 1250),
(325, 176, 3, 2, 200),
(326, 176, 1, 2, 600),
(327, 176, 2, 4, 3200),
(328, 176, 5, 5, 1250),
(329, 177, 3, 2, 200),
(330, 177, 1, 2, 600),
(331, 177, 2, 4, 3200),
(332, 177, 5, 5, 1250),
(333, 178, 3, 2, 200),
(334, 178, 1, 2, 600),
(335, 178, 2, 4, 3200),
(336, 178, 5, 5, 1250),
(337, 179, 3, 2, 200),
(338, 179, 1, 2, 600),
(339, 179, 2, 4, 3200),
(340, 179, 5, 5, 1250),
(341, 180, 3, 2, 200),
(342, 180, 1, 2, 600),
(343, 180, 2, 4, 3200),
(344, 180, 5, 5, 1250),
(345, 181, 3, 2, 200),
(346, 181, 1, 2, 600),
(347, 181, 2, 4, 3200),
(348, 181, 5, 5, 1250),
(349, 182, 3, 2, 200),
(350, 182, 1, 2, 600),
(351, 182, 2, 4, 3200),
(352, 182, 5, 5, 1250),
(353, 183, 3, 2, 200),
(354, 183, 1, 2, 600),
(355, 183, 2, 4, 3200),
(356, 183, 5, 5, 1250),
(357, 184, 3, 2, 200),
(358, 184, 1, 2, 600),
(359, 184, 2, 4, 3200),
(360, 184, 5, 5, 1250),
(361, 185, 3, 2, 200),
(362, 185, 1, 2, 600),
(363, 185, 2, 4, 3200),
(364, 185, 5, 5, 1250),
(365, 186, 3, 2, 200),
(366, 186, 1, 2, 600),
(367, 186, 2, 4, 3200),
(368, 186, 5, 5, 1250),
(369, 187, 3, 2, 200),
(370, 187, 1, 2, 600),
(371, 187, 2, 4, 3200),
(372, 187, 5, 5, 1250),
(373, 188, 3, 2, 200),
(374, 188, 1, 2, 600),
(375, 188, 2, 4, 3200),
(376, 188, 5, 5, 1250),
(377, 189, 3, 2, 200),
(378, 189, 1, 2, 600),
(379, 189, 2, 4, 3200),
(380, 189, 5, 5, 1250),
(381, 190, 3, 2, 200),
(382, 190, 1, 2, 600),
(383, 190, 2, 4, 3200),
(384, 190, 5, 5, 1250),
(385, 190, 4, 2, 160),
(386, 191, 3, 2, 200),
(387, 191, 1, 2, 600),
(388, 191, 2, 4, 3200),
(389, 191, 5, 5, 1250),
(390, 191, 4, 3, 240);

-- --------------------------------------------------------

--
-- 資料表結構 `product`
--

CREATE TABLE `product` (
  `id` int(11) NOT NULL,
  `name` varchar(50) NOT NULL,
  `price` float NOT NULL
) ENGINE=InnoDB DEFAULT CHARSET=utf8mb4;

--
-- 傾印資料表的資料 `product`
--

INSERT INTO `product` (`id`, `name`, `price`) VALUES
(1, 'chair', 300),
(2, 'head phone', 800),
(3, 'cup', 100),
(4, 'Shower Gel', 80),
(5, 'T-shirt', 250);

--
-- 已傾印資料表的索引
--

--
-- 資料表索引 `customer`
--
ALTER TABLE `customer`
  ADD PRIMARY KEY (`id`);

--
-- 資料表索引 `orders`
--
ALTER TABLE `orders`
  ADD PRIMARY KEY (`id`),
  ADD KEY `customer_id` (`customer_id`);

--
-- 資料表索引 `order_product`
--
ALTER TABLE `order_product`
  ADD PRIMARY KEY (`id`),
  ADD KEY `order_id` (`order_id`),
  ADD KEY `product_id` (`product_id`);

--
-- 資料表索引 `product`
--
ALTER TABLE `product`
  ADD PRIMARY KEY (`id`);

--
-- 在傾印的資料表使用自動遞增(AUTO_INCREMENT)
--

--
-- 使用資料表自動遞增(AUTO_INCREMENT) `customer`
--
ALTER TABLE `customer`
  MODIFY `id` int(11) NOT NULL AUTO_INCREMENT, AUTO_INCREMENT=4;

--
-- 使用資料表自動遞增(AUTO_INCREMENT) `orders`
--
ALTER TABLE `orders`
  MODIFY `id` int(11) NOT NULL AUTO_INCREMENT, AUTO_INCREMENT=192;

--
-- 使用資料表自動遞增(AUTO_INCREMENT) `order_product`
--
ALTER TABLE `order_product`
  MODIFY `id` int(11) NOT NULL AUTO_INCREMENT, AUTO_INCREMENT=391;

--
-- 使用資料表自動遞增(AUTO_INCREMENT) `product`
--
ALTER TABLE `product`
  MODIFY `id` int(11) NOT NULL AUTO_INCREMENT, AUTO_INCREMENT=6;

--
-- 已傾印資料表的限制式
--

--
-- 資料表的限制式 `orders`
--
ALTER TABLE `orders`
  ADD CONSTRAINT `orders_ibfk_1` FOREIGN KEY (`customer_id`) REFERENCES `customer` (`id`);

--
-- 資料表的限制式 `order_product`
--
ALTER TABLE `order_product`
  ADD CONSTRAINT `order_product_ibfk_1` FOREIGN KEY (`order_id`) REFERENCES `orders` (`id`),
  ADD CONSTRAINT `order_product_ibfk_2` FOREIGN KEY (`product_id`) REFERENCES `product` (`id`);
COMMIT;

/*!40101 SET CHARACTER_SET_CLIENT=@OLD_CHARACTER_SET_CLIENT */;
/*!40101 SET CHARACTER_SET_RESULTS=@OLD_CHARACTER_SET_RESULTS */;
/*!40101 SET COLLATION_CONNECTION=@OLD_COLLATION_CONNECTION */;
